<?xml version="1.0" encoding="UTF-8"?>
<purchaseOrder orderDate="1999-10-20" xmlns:xsi="http://www.w3.org/2001/XMLSchema-instance" xsi:noNamespaceSchemaLocation="po.xsd">
    <items>
        <item partNum="833-AA">
            <productName>Lapis necklace</productName>
            <quantity>1</quantity>
            <USPrice>99.95</USPrice>
            <shipDate>1999-12-05</shipDate>
        </item>
    </items>
    <billTo>
        <name>Robert Smith</name>
        <street>8 Oak Avenue</street>
        <city>Old Town</city>
        <state>AK</state>
        <zip>95819</zip>
    </billTo>
    <shipTo>
        <name>Helen Zoe</name>
        <street>47 Eden Street</street>
        <city>Cambridge</city>
        <state>AK</state>
        <zip>95819</zip>
    </shipTo>
</purchaseOrder>
