<?xml version="1.0" encoding="UTF-8"?>
<?xml-stylesheet type="text/xsl" href="xqueryx.xsl"?>
<xqx:module xmlns:xqx="http://www.w3.org/2005/04/XQueryX" xmlns:xsi="http://www.w3.org/2001/XMLSchema-instance">
    <xqx:mainModule>
        <xqx:queryBody>
            <xqx:expr xsi:type="xqx:elementConstructor">
                <xqx:tagName>bib</xqx:tagName>
                <xqx:elementContent>
                    <xqx:expr xsi:type="xqx:flworExpr">
                        <xqx:forClause>
                            <xqx:forClauseItem>
                                <xqx:typedVariableBinding>
                                    <xqx:varName>b</xqx:varName>
                                </xqx:typedVariableBinding>
                                <xqx:forExpr>
                                    <xqx:expr xsi:type="xqx:pathExpr">
                                        <xqx:argExpr>
                                            <xqx:expr xsi:type="xqx:functionCallExpr">
                                                <xqx:functionName>doc</xqx:functionName>
                                                <xqx:arguments>
                                                    <xqx:expr xsi:type="xqx:stringConstantExpr">
                                                        <xqx:value>http://bstore1.example.com/bib.xml</xqx:value>
                                                    </xqx:expr>
                                                </xqx:arguments>
                                            </xqx:expr>
                                        </xqx:argExpr>
                                        <xqx:stepExpr>
                                            <xqx:xpathAxis>child</xqx:xpathAxis>
                                            <xqx:nameTest>bib</xqx:nameTest>
                                        </xqx:stepExpr>
                                        <xqx:stepExpr>
                                            <xqx:xpathAxis>child</xqx:xpathAxis>
                                            <xqx:nameTest>book</xqx:nameTest>
                                        </xqx:stepExpr>
                                    </xqx:expr>
                                </xqx:forExpr>
                            </xqx:forClauseItem>
                        </xqx:forClause>
                        <xqx:whereClause>
                            <xqx:expr xsi:type="xqx:operatorExpr">
                                <xqx:infixOp/>
                                <xqx:opType>and</xqx:opType>
                                <xqx:arguments>
                                    <xqx:expr xsi:type="xqx:operatorExpr">
                                        <xqx:infixOp/>
                                        <xqx:opType>=</xqx:opType>
                                        <xqx:arguments>
                                            <xqx:expr xsi:type="xqx:pathExpr">
                                                <xqx:argExpr>
                                                    <xqx:expr xsi:type="xqx:varRef">
                                                        <xqx:name>b</xqx:name>
                                                    </xqx:expr>
                                                </xqx:argExpr>
                                                <xqx:stepExpr>
                                                    <xqx:xpathAxis>child</xqx:xpathAxis>
                                                    <xqx:nameTest>publisher</xqx:nameTest>
                                                </xqx:stepExpr>
                                            </xqx:expr>
                                            <xqx:expr xsi:type="xqx:stringConstantExpr">
                                                <xqx:value>Addison-Wesley</xqx:value>
                                            </xqx:expr>
                                        </xqx:arguments>
                                    </xqx:expr>
                                    <xqx:expr xsi:type="xqx:operatorExpr">
                                        <xqx:infixOp/>
                                        <xqx:opType>&gt;</xqx:opType>
                                        <xqx:arguments>
                                            <xqx:expr xsi:type="xqx:pathExpr">
                                                <xqx:argExpr>
                                                    <xqx:expr xsi:type="xqx:varRef">
                                                        <xqx:name>b</xqx:name>
                                                    </xqx:expr>
                                                </xqx:argExpr>
                                                <xqx:stepExpr>
                                                    <xqx:xpathAxis>attribute</xqx:xpathAxis>
                                                    <xqx:nameTest>year</xqx:nameTest>
                                                </xqx:stepExpr>
                                            </xqx:expr>
                                            <xqx:expr xsi:type="xqx:integerConstantExpr">
                                                <xqx:value>1991</xqx:value>
                                            </xqx:expr>
                                        </xqx:arguments>
                                    </xqx:expr>
                                </xqx:arguments>
                            </xqx:expr>
                        </xqx:whereClause>
                        <xqx:returnClause>
                            <xqx:expr xsi:type="xqx:elementConstructor">
                                <xqx:tagName>book</xqx:tagName>
                                <xqx:attributeList>
                                    <xqx:attributeConstructor>
                                        <xqx:attributeName>year</xqx:attributeName>
                                        <xqx:attributeValueExpr>
                                            <xqx:expr xsi:type="xqx:pathExpr">
                                                <xqx:argExpr>
                                                    <xqx:expr xsi:type="xqx:varRef">
                                                        <xqx:name>b</xqx:name>
                                                    </xqx:expr>
                                                </xqx:argExpr>
                                                <xqx:stepExpr>
                                                    <xqx:xpathAxis>attribute</xqx:xpathAxis>
                                                    <xqx:nameTest>year</xqx:nameTest>
                                                </xqx:stepExpr>
                                            </xqx:expr>
                                        </xqx:attributeValueExpr>
                                    </xqx:attributeConstructor>
                                </xqx:attributeList>
                                <xqx:elementContent>
                                    <xqx:expr xsi:type="xqx:pathExpr">
                                        <xqx:argExpr>
                                            <xqx:expr xsi:type="xqx:varRef">
                                                <xqx:name>b</xqx:name>
                                            </xqx:expr>
                                        </xqx:argExpr>
                                        <xqx:stepExpr>
                                            <xqx:xpathAxis>child</xqx:xpathAxis>
                                            <xqx:nameTest>title</xqx:nameTest>
                                        </xqx:stepExpr>
                                    </xqx:expr>
                                </xqx:elementContent>
                            </xqx:expr>
                        </xqx:returnClause>
                    </xqx:expr>
                </xqx:elementContent>
            </xqx:expr>
        </xqx:queryBody>
    </xqx:mainModule>
</xqx:module>
