<?xml version="1.0" encoding="UTF-8"?>
<root xmlns="urn:uml_associations" xmlns:tns="urn:uml_associations" xmlns:xs="http://www.w3.org/2001/XMLSchema" xmlns:xsi="http://www.w3.org/2001/XMLSchema-instance" xsi:schemaLocation="urn:uml_associations ua.xsd">
    <A id="a1">
        <R pid="a1" ref="b1"/>
        <R pid="a1" ref="b2"/>
    </A>
    <A id="a2">
        <R pid="a2" ref="b2"/>
    </A>
    <A id="a3">
        <R pid="a3" ref="b1"/>
        <R pid="a3" ref="b2"/>
    </A>
    <B id="b1">
        <R pid="b1" ref="a1"/>
        <R pid="b1" ref="a3"/>
    </B>
    <B id="b2">
        <R pid="b2" ref="a3"/>
        <R pid="b2" ref="a2"/>
        <R pid="b2" ref="a1"/>
    </B>
</root>
