<?xml version="1.0" encoding="UTF-8"?>
<purchaseReport period="P3M" periodEnding="1999-12-31" xmlns="http://www.example.com/Report" xmlns:xsi="http://www.w3.org/2001/XMLSchema-instance" xsi:schemaLocation="http://www.example.com/Report report.xsd">
    <regions>
        <zip code="95819">
            <part number="872-AA" quantity="1"/>
            <part number="926-AA" quantity="1"/>
            <part number="833-AA" quantity="1"/>
        </zip>
        <zip code="63143">
            <part number="455-BX" quantity="4"/>
        </zip>
    </regions>
    <parts>
        <part number="872-AA">Lawnmower</part>
        <part number="926-AA">Baby Monitor</part>
        <part number="833-AA">Lapis Necklace</part>
        <part number="455-BX">Sturdy Shelves</part>
    </parts>
</purchaseReport>
